X,Y,Z
1.440578818321228,0.23104169964790344,0.8335767388343811
1.1386526823043823,-0.12572568655014038,0.3990391492843628
1.1867555379867554,-0.9072446227073669,0.6648399233818054
1.2496376037597656,-0.06050132215023041,1.4487888813018799
0.5371177196502686,-0.2659953832626343,1.5629419088363647
1.02643883228302,-0.9892653822898865,0.7336295247077942
1.168330192565918,-0.39181727170944214,0.386420875787735
0.017897557467222214,-0.43066272139549255,0.7915054559707642
1.2345328330993652,0.41179463267326355,0.7677350044250488
1.5700857639312744,-0.215553879737854,1.0193125009536743
0.6178123950958252,-1.025498628616333,0.8158448338508606
1.3797721862792969,0.291470468044281,0.7568321228027344
0.9634948968887329,-0.11391354352235794,1.573026418685913
0.42475056648254395,-0.45809680223464966,1.495948076248169
0.5306877493858337,0.4222502112388611,1.2155392169952393
0.5639263391494751,0.15019215643405914,1.47922945022583
0.71877121925354,-0.526921272277832,1.5513060092926025
0.830420970916748,-1.0320274829864502,0.9857744574546814
1.3419601917266846,-0.5545175075531006,1.305788278579712
1.4791176319122314,0.15234829485416412,0.8896827697753906
1.0041377544403076,-0.5633116364479065,1.5147459506988525
0.5066998600959778,0.283103346824646,1.3709145784378052
0.7567300200462341,0.1603463888168335,1.5043455362319946
1.0048774480819702,-0.6971160173416138,1.4482285976409912
1.0636534690856934,-0.9899595975875854,0.9241368174552917
0.36257266998291016,-0.01926514506340027,1.4644222259521484
1.547349452972412,-0.14138653874397278,0.6752440333366394
0.9241141676902771,-0.492143452167511,1.556887149810791
1.1222162246704102,0.4772498607635498,0.767784595489502
0.4057602882385254,-0.8361438512802124,1.225110411643982
-0.00789659470319748,-0.2185859978199005,0.9258023500442505
1.3488720655441284,-0.48905080556869507,1.3437726497650146
1.2834926843643188,-0.849553108215332,0.9845645427703857
1.2986685037612915,-0.8560986518859863,0.788934051990509
0.9026877880096436,-0.7419285774230957,1.4380714893341064
0.3745364546775818,-0.3241472542285919,1.494706392288208
0.7277118563652039,-1.0403354167938232,0.906997561454773
0.8250348567962646,-0.6234904527664185,1.5188368558883667
0.5242582559585571,0.04458292946219444,1.513266682624817
0.27116072177886963,-0.5207403898239136,1.373304009437561
1.5432729721069336,-0.27258729934692383,1.1197171211242676
0.7316474914550781,-0.5950064659118652,0.34533751010894775
1.001682996749878,-0.15529578924179077,1.5694416761398315
0.2130260169506073,0.034074701368808746,1.3182213306427002
0.37756019830703735,-0.047168124467134476,1.4802883863449097
0.18040718138217926,0.2518874406814575,1.0120203495025635
0.629913330078125,-1.0272291898727417,0.797135591506958
0.8796601891517639,-0.7978870272636414,1.400588870048523
0.4481092393398285,0.05817965045571327,1.4790791273117065
0.04744250327348709,0.05942687764763832,0.8451199531555176
0.13598574697971344,-0.7057491540908813,0.8971576690673828
0.20001685619354248,-0.315203458070755,1.3706979751586914
0.5405339598655701,-0.6657369136810303,1.4578616619110107
1.0362036228179932,-0.4298321008682251,1.5464401245117188
0.46837419271469116,-0.9618682861328125,1.008427381515503
0.7451646327972412,0.3118950426578522,1.402326226234436
0.3369101285934448,-0.13822203874588013,1.4695532321929932
0.30477163195610046,-0.8099386692047119,1.1362063884735107
1.0060858726501465,-0.9062276482582092,0.4999935030937195
0.7854242324829102,-0.6654804348945618,0.3650280833244324
0.9695408940315247,-6.0403719544410706e-05,1.5511302947998047
0.9789899587631226,0.20296701788902283,1.4629440307617188
0.6960650086402893,-0.798380970954895,0.3987455368041992
0.9544065594673157,0.12241242825984955,1.5120890140533447
1.5064795017242432,-0.5240001678466797,1.0632057189941406
1.0259957313537598,0.23554442822933197,1.423994779586792
1.5393755435943604,-0.19751840829849243,1.1310392618179321
0.502747118473053,0.3431870937347412,1.2988344430923462
0.324871689081192,-0.744040846824646,1.2570877075195312
-0.0004797670990228653,-0.1683080792427063,0.7577185034751892
1.5650023221969604,-0.3844970464706421,0.7018229365348816
0.7316232323646545,0.416807621717453,1.2880929708480835
1.4252777099609375,0.15171341598033905,0.6416287422180176
0.8989235758781433,-0.11570043861865997,1.579052209854126
0.37198182940483093,0.4029287099838257,1.0815927982330322
1.4373891353607178,-0.5362426042556763,1.2176324129104614
1.1087243556976318,0.4444650411605835,1.1158778667449951
0.6708104014396667,0.08344146609306335,1.532505989074707
0.736072838306427,-0.3580864667892456,1.5811607837677002
0.3567492365837097,0.23145714402198792,1.311065435409546
0.1527520716190338,0.2282482534646988,0.7791487574577332
0.2665269076824188,0.34637701511383057,0.8001443147659302
1.1807163953781128,-0.004888283088803291,1.484000325202942
0.4335207939147949,-0.7168428301811218,1.3719842433929443
0.7411544322967529,-0.9445033073425293,0.5468056201934814
0.7682563662528992,-1.0147032737731934,0.6553842425346375
0.6764793395996094,-0.8133273124694824,1.3784114122390747
0.29220134019851685,-0.4534376263618469,1.4178622961044312
1.547520399093628,-0.4673859179019928,0.7404371500015259
0.8039467334747314,0.03968895971775055,1.5530989170074463
1.3125214576721191,-0.8432232141494751,0.8063650131225586
0.2902262806892395,0.287291944026947,1.1709022521972656
0.25899574160575867,0.09321975708007812,1.338265299797058
0.8549903035163879,0.5563560724258423,0.8220852017402649
1.4158965349197388,-0.2278158962726593,0.4825645685195923
1.1081202030181885,-0.6333619356155396,0.3867190480232239
0.5753149390220642,-0.10685926675796509,1.5620152950286865
1.1069867610931396,-0.7186720371246338,1.3770462274551392
0.23166219890117645,-0.8110271692276001,0.849704921245575
0.5965262651443481,0.5238221883773804,0.984931468963623
1.2082159519195557,0.4319182336330414,0.7964214086532593
0.015004856511950493,-0.27146247029304504,1.05231773853302
1.0522997379302979,0.30415254831314087,1.3638725280761719
0.9157964587211609,-1.0147968530654907,1.0284072160720825
0.810448944568634,0.275725781917572,1.4346688985824585
0.5445343255996704,-0.9790732860565186,1.0277432203292847
0.2549748122692108,0.35104605555534363,0.9216479063034058
0.17815929651260376,0.2687908411026001,0.8012322187423706
0.6799168586730957,0.1067027896642685,1.521878957748413
1.3352947235107422,-0.6850730776786804,1.2144492864608765
0.24530790746212006,-0.7735403776168823,1.0983918905258179
0.8976229429244995,0.48577937483787537,1.1743700504302979
0.21801942586898804,-0.5055256485939026,1.321312427520752
0.9164246916770935,-0.8195915818214417,0.4107130765914917
0.3728455603122711,-0.5765794515609741,1.4219180345535278
1.5008312463760376,-0.6264400482177734,0.8703198432922363
0.5302976369857788,-0.6339190602302551,0.37497490644454956
0.7527450323104858,-0.8719449043273926,1.3354321718215942
1.0088448524475098,-0.5144323706626892,1.533241868019104
1.266329288482666,-0.7237279415130615,0.4910007119178772
0.6827996373176575,-1.0069010257720947,0.6596800088882446
0.848827600479126,-0.7791996002197266,1.4189918041229248
0.027342066168785095,-0.03858101740479469,0.7596650123596191
0.46032726764678955,-0.9663602113723755,0.8045310378074646
0.5976804494857788,-0.42741578817367554,1.5617960691452026
0.302911639213562,-0.6270939111709595,1.3360912799835205
0.5371032953262329,-0.9007894992828369,0.5628249645233154
0.9349170923233032,0.03491856902837753,1.5466117858886719
0.0888216570019722,-0.3719678819179535,1.1994940042495728
1.4438867568969727,-0.44901254773139954,1.2639973163604736
0.6870683431625366,-0.29561546444892883,1.5806317329406738
0.2779107093811035,0.19388456642627716,1.2788089513778687
0.4772965908050537,-0.49298295378685,1.5072858333587646
0.26685142517089844,-0.6970825791358948,1.2497341632843018
0.4005798399448395,-0.46967417001724243,1.4808214902877808
1.2023643255233765,-0.896760106086731,1.0640696287155151
1.5121482610702515,-0.3390893340110779,1.173871636390686
0.6587744951248169,0.41351351141929626,1.2751113176345825
0.6819131374359131,0.5342038869857788,0.9936679601669312
0.8446953892707825,0.4111633896827698,1.3021906614303589
0.687873363494873,-0.3740104138851166,1.579915165901184
0.343626469373703,-0.6391055583953857,1.3691964149475098
0.31673291325569153,-0.648788571357727,0.440992534160614
0.531444787979126,-0.017115119844675064,1.5383577346801758
0.08824696391820908,0.14237123727798462,0.8355047106742859
0.6700159907341003,0.4774424135684967,1.1656297445297241
1.117122769355774,-0.8093474507331848,1.286952018737793
0.17186886072158813,-0.3373663127422333,1.3357294797897339
0.5805565118789673,-0.35696694254875183,1.5672218799591064
0.2459140419960022,0.23840218782424927,1.1825830936431885
0.7047808766365051,-0.09362804889678955,1.5799238681793213
0.4329521358013153,-0.905633807182312,1.1208440065383911
0.036320194602012634,-0.2934549152851105,1.1025781631469727
1.0391113758087158,0.32164356112480164,1.3494616746902466
1.153020977973938,-0.2769164741039276,1.5266947746276855
1.239551067352295,-0.08328075706958771,0.40445783734321594
1.1813582181930542,-0.283011794090271,1.5103665590286255
1.138719916343689,-0.9606550335884094,0.8774822950363159
0.5202137231826782,-0.9896712899208069,0.7586575746536255
0.632830023765564,-0.07616900652647018,1.5695070028305054
1.24832022190094,-0.854362964630127,1.0962380170822144
0.21602188050746918,0.30466628074645996,0.8048204183578491
0.18006420135498047,0.2450878620147705,0.761285126209259
1.1198821067810059,-0.579350471496582,1.4569346904754639
0.3767746686935425,-0.8942645788192749,1.0455609560012817
0.34499308466911316,-0.2536620795726776,1.485814094543457
1.3702092170715332,0.22502785921096802,1.1509214639663696
0.6286305785179138,-0.3054397404193878,1.5780446529388428
1.1301183700561523,0.46396350860595703,0.7428326606750488
0.6115599870681763,-0.9799284934997559,1.0908150672912598
1.2461230754852295,0.40643373131752014,0.9614911079406738
0.978486180305481,-0.30493348836898804,1.5733561515808105
1.1142257452011108,-0.9599920511245728,0.7435983419418335
1.0432345867156982,-0.8406124114990234,1.3135912418365479
0.9716649055480957,0.5016183853149414,1.061819314956665
0.5521754622459412,-0.8446436524391174,1.304989218711853
0.49126681685447693,-0.7802311182022095,1.3445136547088623
0.04014576971530914,-0.3153038024902344,1.1033904552459717
0.24294957518577576,0.32912737131118774,0.8060169219970703
0.48731058835983276,-0.9659090042114258,0.7370105981826782
1.0767674446105957,-0.871209979057312,0.5088390707969666
1.2210749387741089,-0.9060267806053162,0.9971376061439514
0.2403690665960312,0.015090137720108032,1.3566138744354248
0.006719700992107391,-0.40324848890304565,0.9456968307495117
0.13144974410533905,-0.4836153984069824,1.2314870357513428
0.14138789474964142,-0.2367236465215683,1.3010886907577515
1.4986591339111328,-0.48025408387184143,1.1235824823379517
0.730431854724884,-1.0295302867889404,0.9892327785491943
1.3606297969818115,0.3168845772743225,0.8222060203552246
0.9125194549560547,0.5207659006118774,1.0216257572174072
0.013984978199005127,-0.4063267111778259,0.7725027799606323
0.5303840637207031,-0.4335956573486328,1.539681315422058
0.9097663164138794,-0.9914442300796509,0.6462924480438232
1.581003189086914,-0.16645680367946625,0.9492189884185791
0.29065990447998047,-0.04899530112743378,1.4237720966339111
1.5440391302108765,-0.04054540395736694,0.697509229183197
0.25738683342933655,-0.6698452830314636,0.49884241819381714
1.4383922815322876,-0.3504538834095001,1.291025161743164
0.5579262971878052,-1.0019516944885254,0.9605786800384521
0.4546787142753601,-0.3337039351463318,1.534024715423584
0.011456038802862167,-0.42317289113998413,0.8449578285217285
0.1529323011636734,0.23866049945354462,0.8714450597763062
1.200754165649414,-0.8465946316719055,0.5647423267364502
0.8761810064315796,-1.0017485618591309,1.078239917755127
0.619920015335083,-0.6663448214530945,0.3710598945617676
0.6496782302856445,-0.9929821491241455,1.0816994905471802
0.6228641271591187,0.3222455084323883,1.374922275543213
1.4678138494491577,-0.318509578704834,1.2599316835403442
0.9302880764007568,0.16583484411239624,1.4952126741409302
1.4657114744186401,-0.6303378343582153,0.7429867386817932
0.534191370010376,-0.9895998239517212,0.7383314371109009
0.2310703694820404,0.32034435868263245,0.9980517029762268
1.3016345500946045,-0.7319658398628235,1.2109301090240479
0.7545672059059143,-0.9103347659111023,1.2828108072280884
0.7641996145248413,-0.5444841980934143,1.5516973733901978
0.8550736308097839,-1.0285660028457642,0.7536007165908813
0.27217647433280945,-0.8252772092819214,0.7034839391708374
0.2487470507621765,-0.0625714585185051,1.3921535015106201
0.6615602970123291,0.07178426533937454,1.5361783504486084
0.9929776787757874,-0.8695955276489258,1.287041187286377
0.8890563249588013,0.0478348508477211,1.5458472967147827
0.07760933041572571,-0.2729964256286621,1.2147161960601807
1.5116182565689087,-0.02576260268688202,1.122630000114441
0.1338079422712326,-0.6402632594108582,1.0689811706542969
0.23624637722969055,0.12982019782066345,1.2856734991073608
1.0582249164581299,0.5174650549888611,0.8563754558563232
0.04012415558099747,-0.45150071382522583,1.0469388961791992
0.9269736409187317,-0.7924190759658813,1.3979026079177856
1.2688024044036865,-0.4592666029930115,0.3916585445404053
0.29620641469955444,-0.748744010925293,0.5433704853057861
0.7638482451438904,-1.0448106527328491,0.8356641530990601
0.5901104807853699,-0.8219204545021057,1.3470966815948486
0.8691542744636536,-0.2665083110332489,1.5816739797592163
0.784717857837677,-0.9248735904693604,1.2625243663787842
1.436344861984253,-0.05197891965508461,1.2864372730255127
1.4038655757904053,-0.053259171545505524,0.5061922073364258
0.21521832048892975,-0.7924492359161377,0.8299497365951538
0.15058615803718567,-0.11622287333011627,1.3089334964752197
1.1936368942260742,0.05277561396360397,1.4548773765563965
0.8707932829856873,-0.40364640951156616,1.579326868057251
1.3862650394439697,-0.21461975574493408,1.3637757301330566
0.78805011510849,0.547933042049408,0.7510887384414673
0.5773289799690247,0.27476486563682556,1.4072974920272827
1.2060192823410034,-0.9211963415145874,0.831788957118988
1.0546411275863647,0.09711622446775436,1.4966683387756348
0.5684202909469604,-0.5697689056396484,1.510587215423584
1.036869764328003,0.5100294947624207,0.7670271396636963
0.6858997941017151,-1.025152325630188,0.7528092861175537
1.0881481170654297,-0.9785236120223999,0.9689127206802368
0.03673360496759415,-0.23437298834323883,1.0912574529647827
0.11425808817148209,0.1782451570034027,0.7930538654327393
0.8892080783843994,-0.1630486696958542,1.5811675786972046
0.34430578351020813,-0.40242910385131836,1.4668939113616943
0.959656834602356,0.30639195442199707,1.3858230113983154
0.7976987361907959,0.41648799180984497,1.2972643375396729
0.6736159920692444,-1.0094341039657593,1.0403313636779785
0.4359486699104309,-0.07722598314285278,1.5140845775604248
0.8702032566070557,-0.8960667252540588,1.2848538160324097
1.3268845081329346,0.21321627497673035,1.220163345336914
0.2123415321111679,-0.6818461418151855,0.5835680365562439
0.48859941959381104,-0.607144832611084,1.4648865461349487
0.3089546859264374,0.36984139680862427,0.7592846751213074
0.23067541420459747,-0.2915504276752472,1.4009535312652588
0.6132817268371582,-0.22842423617839813,1.5772110223770142
1.380744457244873,0.23471304774284363,1.1189100742340088
1.141963243484497,-0.043385282158851624,0.4207749366760254
1.3049664497375488,-0.7084482312202454,0.5233067274093628
0.8971521854400635,0.37337857484817505,1.3431884050369263
1.3681483268737793,0.18218523263931274,1.1940449476242065
1.3730716705322266,-0.4472091794013977,0.46002787351608276
0.8007403612136841,0.5593270659446716,0.8133623003959656
1.0678026676177979,0.5154971480369568,0.872197687625885
0.0015596561133861542,-0.12808385491371155,0.8088400363922119
0.20851834118366241,-0.06481169164180756,1.3543429374694824
0.4927924573421478,-0.21083417534828186,1.5491468906402588
1.2968636751174927,0.3054577708244324,1.1344996690750122
0.5809513926506042,0.5357747077941895,0.8236836194992065
0.21044042706489563,0.2820383906364441,1.0422228574752808
0.5927562713623047,0.4718669652938843,1.1583430767059326
1.321242332458496,0.15407952666282654,0.4767999053001404
0.43622130155563354,-0.21376916766166687,1.527722716331482
0.2695283889770508,-0.0437784418463707,1.4068236351013184
0.864595890045166,-1.0323344469070435,0.7885136604309082
0.41104742884635925,-0.8529933094978333,1.2014389038085938
0.04654686152935028,0.04750990867614746,0.8045351505279541
0.17179377377033234,0.1554439216852188,1.1707512140274048
0.6341298818588257,-0.42187297344207764,1.5679973363876343
1.25730562210083,-0.48743247985839844,1.4354259967803955
0.8662204742431641,-0.9610918760299683,0.5532007813453674
0.6254251003265381,-0.27204611897468567,1.5791057348251343
0.5164525508880615,0.30338966846466064,1.3531466722488403
1.2338402271270752,-0.17688551545143127,1.484584093093872
0.693228542804718,-0.9101065993309021,1.2680063247680664
0.5000125765800476,-0.6503432393074036,1.4482841491699219
0.250110924243927,0.17754468321800232,1.2643252611160278
0.7912804484367371,-0.4466399848461151,1.5739705562591553
0.07669031620025635,-0.5769310593605042,0.752701997756958
0.44877612590789795,0.47275692224502563,0.7624457478523254
0.8480077385902405,-1.0393816232681274,0.8754849433898926
1.1161730289459229,0.3691885769367218,1.2475601434707642
1.0250309705734253,-0.9998359084129333,0.7991348505020142
0.43447956442832947,0.33393341302871704,1.2743279933929443
0.6756129264831543,-0.8855136036872864,1.2998157739639282
0.35589373111724854,-0.5145044326782227,1.4404997825622559
1.1653579473495483,-0.1234544888138771,1.5175108909606934
1.504882574081421,0.11035347729921341,0.7590693235397339
-0.0008883662521839142,-0.3362054228782654,0.7883846163749695
0.6087461113929749,-0.6552368402481079,1.4841922521591187
1.5385822057724,0.030158277601003647,0.742184042930603
1.1251022815704346,0.48118001222610474,0.8152923583984375
0.7387465238571167,-0.593592643737793,1.5285413265228271
0.29765889048576355,-0.8768032789230347,0.883710503578186
0.8503096103668213,-0.9790480136871338,1.1418408155441284
1.313960075378418,-0.39348718523979187,1.4217547178268433
0.4047832190990448,0.4122484624385834,1.1132659912109375
1.5121649503707886,-0.5979872345924377,0.8218717575073242
0.6057319641113281,0.5312081575393677,0.7778313159942627
1.5880745649337769,-0.36451607942581177,0.8879073262214661
0.1979210376739502,-0.7775346040725708,0.9305554628372192
0.42278075218200684,0.011636808514595032,1.4883991479873657
0.020091034471988678,-0.050329580903053284,0.7936650514602661
1.2509783506393433,-0.5801107287406921,0.4211403429508209
1.5735574960708618,-0.2942414879798889,0.7076541781425476
0.16430094838142395,0.23270228505134583,1.001997470855713
0.4065558910369873,-0.29937076568603516,1.5159333944320679
0.5434525609016418,0.5153732299804688,0.9416799545288086
0.8988661766052246,0.21496200561523438,1.472919225692749
0.7019115090370178,0.026903696358203888,1.5550469160079956
1.4994465112686157,-0.5872886776924133,1.0275784730911255
0.517109751701355,-0.8254933953285217,0.4723396897315979
1.4400427341461182,0.08135923743247986,1.1789931058883667
1.2561196088790894,-0.1613127589225769,1.4672305583953857
0.06140861660242081,-0.24167154729366302,1.1666377782821655
1.5312058925628662,0.0647793561220169,0.7849370837211609
0.9156208038330078,-0.5842828750610352,1.5252447128295898
1.2475662231445312,-0.8929630517959595,0.9003648161888123
0.3652385473251343,0.35189637541770935,1.1703369617462158
1.0965368747711182,-0.08901381492614746,1.5366976261138916
0.7944467663764954,-0.6880701780319214,1.4857847690582275
0.6897873878479004,-0.7589780688285828,1.4310641288757324
0.3951936364173889,-0.70567786693573,1.3578214645385742
0.8916105031967163,-0.0635933130979538,1.5717082023620605
1.3209413290023804,-0.32907891273498535,1.425057053565979
0.9673999547958374,-1.0127289295196533,1.001121997833252
1.3619277477264404,0.15668541193008423,1.226554036140442
1.009010672569275,-0.43942850828170776,1.550289273262024
1.4839454889297485,-0.3212602436542511,0.5236345529556274
1.1529744863510132,0.3423680067062378,0.5882135033607483
0.328762412071228,0.08808086812496185,1.3969205617904663
1.3726412057876587,-0.6688772439956665,1.1717650890350342
0.03510155528783798,-0.5039955973625183,0.7908512949943542
0.7594436407089233,0.3799016773700714,1.3450473546981812
0.743833601474762,0.333041250705719,1.3868885040283203
1.3752626180648804,-0.6097740530967712,0.5042622089385986
0.20304973423480988,-0.27761855721473694,1.3785500526428223
1.539452075958252,-0.4943801760673523,0.7459836006164551
1.4198518991470337,0.2539128065109253,0.9556219577789307
0.9949585795402527,-0.9692370891571045,1.1290644407272339
0.8264991641044617,-0.41532301902770996,1.57853102684021
1.2357292175292969,0.25563356280326843,1.2817668914794922
0.1974261999130249,-0.6161972284317017,1.225882887840271
1.0982264280319214,-0.2727375328540802,1.549795150756836
0.6479438543319702,-1.0301814079284668,0.8974542021751404
0.9830828309059143,0.37282323837280273,1.3143938779830933
0.1097068190574646,-0.3245859146118164,1.2582738399505615
0.7920855283737183,-0.0539991520345211,1.5736902952194214
0.2035733014345169,-0.10869913548231125,1.3580647706985474
1.1308538913726807,0.48681360483169556,0.9083912372589111
1.1431171894073486,-0.8600368499755859,1.2169221639633179
0.811301589012146,-0.8908315300941467,1.3087843656539917
0.29736804962158203,0.3833277225494385,0.906119704246521
0.7392644882202148,0.5572938919067383,0.8148160576820374
0.6911966800689697,-0.7873638272285461,1.4072624444961548
1.3110413551330566,0.3565317392349243,0.8201806545257568
0.9422285556793213,-0.9556289911270142,1.1772047281265259
0.7428011894226074,0.3425106704235077,1.3779520988464355
1.429220199584961,-0.7259043455123901,0.7856869697570801
0.652337372303009,0.17571687698364258,1.4805307388305664
0.3334175646305084,-0.6963395476341248,1.3160886764526367
0.6507134437561035,-1.0196096897125244,0.9980392456054688
0.871821939945221,0.5395604968070984,0.7550848722457886
1.2640608549118042,-0.8264478445053101,0.6184588670730591
0.8754359483718872,-0.670456051826477,1.4912216663360596
0.3110329210758209,0.19944684207439423,1.3064155578613281
0.4970763921737671,0.032921262085437775,1.5090792179107666
1.5534316301345825,0.010951772332191467,0.8917149901390076
1.4549108743667603,0.19619672000408173,0.7572782635688782
1.388951301574707,0.21441137790679932,1.1294059753417969
1.2504165172576904,-0.17143355309963226,1.4742083549499512
0.7325598001480103,-0.858281135559082,0.43861517310142517
0.7923605442047119,0.5415948629379272,1.0054514408111572
0.9111698865890503,0.0015191510319709778,1.5573511123657227
1.1628692150115967,-0.9527972936630249,0.9210191965103149
0.20372647047042847,-0.7747962474822998,0.7800828814506531
1.4470322132110596,-0.22306980192661285,1.2967102527618408
0.5271586775779724,-0.10193763673305511,1.5486339330673218
0.21906425058841705,-0.38037970662117004,1.3724604845046997
0.2899259328842163,-0.037935566157102585,1.420170783996582
0.2936755120754242,-0.10026354342699051,1.4376764297485352
0.9350357055664062,-1.0222117900848389,0.7392768859863281
0.8423900604248047,0.20207224786281586,1.4845811128616333
0.8747521042823792,0.5489844083786011,0.8723044395446777
0.10355016589164734,0.14696413278579712,0.7596663236618042
1.366973876953125,0.31790459156036377,0.9228979349136353
0.9918949604034424,-0.9908197522163391,1.0626516342163086
0.36219581961631775,0.3202948570251465,1.213787317276001
0.18410682678222656,0.28020548820495605,0.8612135648727417
0.7062956094741821,0.5586848258972168,0.8864964246749878
0.11881539225578308,-0.6586632132530212,0.758339524269104
0.7922067642211914,-0.13090389966964722,1.5829836130142212
1.550529956817627,-0.0024637728929519653,0.967088520526886
0.09265459328889847,0.13354255259037018,0.776494562625885
0.39929696917533875,-0.938365638256073,0.841651201248169
1.2867276668548584,-0.34825336933135986,1.4466187953948975
1.5205492973327637,-0.566699743270874,0.7861374020576477
1.1600035429000854,0.444862425327301,1.0167375802993774
0.7575414776802063,0.10307810455560684,1.528176188468933
0.23176845908164978,0.21649499237537384,1.1937963962554932
0.5101310014724731,-0.7148659229278564,0.39362961053848267
0.6746211051940918,-0.9598169326782227,1.1895931959152222
1.3403302431106567,-0.7792943716049194,1.0682108402252197
0.3794829249382019,-0.903290331363678,0.7490128874778748
0.21525217592716217,-0.7699323892593384,0.72120201587677
0.17002949118614197,0.0767754316329956,1.2371424436569214
1.1687790155410767,0.32348665595054626,1.2605171203613281
1.5267276763916016,-0.19568021595478058,0.5941932201385498
0.729924738407135,-1.0240854024887085,1.005315899848938
0.28229933977127075,-0.5716217160224915,1.3529729843139648
0.06319461762905121,-0.5738323926925659,0.8701795339584351
0.39871945977211,-0.023105168715119362,1.486770749092102
0.11165700852870941,-0.6698482632637024,0.9135820269584656
0.4204535484313965,-0.2793619930744171,1.523403286933899
1.2064398527145386,0.1825704425573349,1.3676213026046753
0.4736168682575226,-0.9803586006164551,0.8931771516799927
1.1669328212738037,-0.6648277044296265,0.4195234179496765
1.5394649505615234,-0.3674659729003906,1.0870425701141357
1.2961746454238892,-0.8577232956886292,0.8159757852554321
0.17503607273101807,-0.62582927942276,1.1933619976043701
1.4568809270858765,-0.6773800253868103,0.9249725341796875
1.221364140510559,0.37528687715530396,1.1289739608764648
0.5927126407623291,-0.5112304091453552,1.5370004177093506
0.6594624519348145,0.22713913023471832,1.4543113708496094
0.40133124589920044,0.4485209882259369,0.983967661857605
0.9830208420753479,-0.14749759435653687,1.5730621814727783
1.0668020248413086,0.1525014042854309,1.4674296379089355
0.8808461427688599,0.14076338708400726,1.5095818042755127
1.4192296266555786,-0.21085725724697113,1.3279719352722168
0.4565557539463043,-0.0061013358645141125,1.5085020065307617
0.6062681078910828,0.5113719701766968,1.056326985359192
0.5036484599113464,-0.83493971824646,1.29258394241333
0.3863012194633484,0.44648775458335876,0.8241692185401917
0.18367375433444977,0.27412524819374084,0.9615621566772461
0.6196592450141907,0.5030865669250488,1.1028889417648315
0.15366120636463165,-0.6948474049568176,1.0337395668029785
0.7615641355514526,-0.28161686658859253,1.5826232433319092
1.0421031713485718,0.5201888084411621,0.8946930766105652
1.0649631023406982,0.5090844035148621,0.95815110206604
0.4109961688518524,0.005349393934011459,1.4846603870391846
0.4697940945625305,-0.13528722524642944,1.5330395698547363
0.45595604181289673,0.16422617435455322,1.4298548698425293
1.13218092918396,-0.9123605489730835,1.1356418132781982
0.7986488342285156,-0.5981632471084595,1.5312820672988892
0.8265184164047241,-0.7200475931167603,1.4618364572525024
0.6219534873962402,-0.7637609839439392,0.389188677072525
